{
  "total_epochs": 2,
  "best_val_loss": 3.8477822494506837,
  "final_val_loss": 3.8477822494506837,
  "early_stopping_triggered": true,
  "total_training_time": 243.24180793762207,
  "peak_memory_gb": 1.278857216,
  "final_learning_rate": 0.0,
  "timestamp": "2024-10-26T13:45:17.999976",
  "training_completed": true
}